P_PV;P_BESS;E_BESS;T_BESS;pv2load;pv2bess;pv2curtail;pv2grid;bess2load;bess2grid;grid2load;grid2bess;annual_energy;capex;capex_pv;capex_bess;opex;opex_pv;opex_bess;capex_co2;capex_co2_pv;capex_co2_bess;opex_co2;opex_co2_pv;opex_co2_bess;lcoe_investor;lcoe_enduser;lcoe_revenue;lco2_investor;lco2_enduser;lco2_abatement;savings;energy_procurement_costs;energy_procurement_costs_load;energy_procurement_costs_bess;profit;profit_pv;profit_bess;co2avoided;co2burden;co2burden_load;co2burden_bess;co2abatement;co2abatement_pv;co2abatement_bess;cycles;self_sufficiency;ress;self_consumption;net_savings;net_co2avoided;net_earnings;net_abatement;PV_Load_M;BESS_Load_M;pv2load_share;pv2bess_share;pv2grid_share;curtailment_share;bess2load_share;bess2grid_share;earnings_class;co2abatement_class;savings_class;co2avoided_class;label
1.0;1.5;3.0;2.0;164134;9031;0;2;789241;3658;19383244;1057681;957035.0;1055000.0;80000.0;975000.0;21000.0;3000.0;18000.0;333000.0;33000.0;300000.0;0.0;0.0;0.0;0.11006918869069217;0.053232760683746154;0.11007066088403734;0.051108256366802225;0.02975851275508774;0.05101299245515931;95558.57583000002;1335089.5454500031;1297542.905950001;37546.6395;-1.8705;-0.00017999999999999998;-1.87032;36595.74288000005;777961.8985600009;738688.3253800002;39273.573180000036;121.03786999999998;0.06712;120.97074999999998;264.0;4.698987413126092;0.8419159755369734;2.9648861957506307;-1239530.9696200031;-741366.1556800009;-1239532.840120003;-741245.1178100009;0.3;0.5;0.9478364815467151;0.05215196890862578;1.1549544659201811e-05;0.0;0.9953865498632234;0.004613450136776563;negative;negative;negative;negative;Economic Dispatch Optimisation
1.0;1.5;3.0;2.0;173168;0;0;0;24708;0;20041694;0;197876.0;1055000.0;80000.0;975000.0;21000.0;3000.0;18000.0;333000.0;33000.0;300000.0;0.0;0.0;0.0;0.38942737939064126;0.05480234994957333;0.38942737939064126;0.09768671283455524;0.029391884638479825;0.09768671283455524;12250.445840000006;1370232.4650000029;1370232.4650000029;0.0;0.0;0.0;0.0;7444.5707500000035;764095.3105000001;764095.3105000001;0.0;0.0;0.0;0.0;8.0;0.9752897163862474;0.0;2.9649375609721664;-1322839.0996100032;-770517.327810001;-1322840.9701100031;-770396.289940001;0.3;0.5;1.0;0.0;0.0;0.0;1.0;0.0;negative;negative;negative;negative;Environmental Dispatch Optimisation
1.0;1.5;6.0;4.0;164336;8830;0;2;1414114;1079;18837565;1887905;1579531.0;1655000.0;80000.0;1575000.0;39000.0;3000.0;36000.0;633000.0;33000.0;600000.0;0.0;0.0;0.0;0.11165361824000326;0.05435278749860281;0.11165364919888862;0.056604709753884014;0.030853176663644104;0.056587507186005116;162491.93028999996;1306698.1098500013;1239103.5919300027;67594.51792000001;-0.06491999999999999;-0.00017999999999999998;-0.06473999999999999;60746.68173000001;787521.5965300006;717604.2248000002;69917.37173000009;36.07335;0.06712;36.006229999999995;235.0;7.779852295527867;0.8424253525219049;2.9649033174911423;-1144206.1795600012;-726774.9148000006;-1144206.2444800013;-726738.8414500005;0.3;0.5;0.9489975053127598;0.05099094520927654;1.1549477963596045e-05;0.0;0.9992375598239958;0.0007624401760042624;negative;negative;negative;negative;Economic Dispatch Optimisation
1.0;1.5;6.0;4.0;173168;0;0;0;49598;0;20019972;0;222766.0;1655000.0;80000.0;1575000.0;39000.0;3000.0;36000.0;633000.0;33000.0;600000.0;0.0;0.0;0.0;0.5631257504197156;0.057122137017548376;0.5631257504197156;0.1649450125400218;0.030214672800501982;0.1649450125400218;14159.205990000019;1368567.021660002;1368567.021660002;0.0;0.0;0.0;0.0;8457.258060000002;763211.55026;763211.55026;0.0;0.0;0.0;0.0;8.0;1.0979673581460045;0.0;2.9649375609721664;-1292538.9038600014;-779064.3384700005;-1292538.9687800012;-779028.2651200006;0.3;0.5;1.0;0.0;0.0;0.0;1.0;0.0;negative;negative;negative;negative;Environmental Dispatch Optimisation
1.0;3.0;6.0;2.0;164288;8878;0;2;1561118;4318;18709199;2096937;1729726.0;2030000.0;80000.0;1950000.0;39000.0;3000.0;36000.0;633000.0;33000.0;600000.0;0.0;0.0;0.0;0.11747753081086301;0.05506803876314807;0.11747854628196162;0.05516516087696879;0.030929242579892526;0.055104725183556566;179374.27135999978;1298698.1142900006;1224365.088280003;74333.02600999988;-2.3319;-0.00017999999999999998;-2.3317200000000002;66465.4912899999;790508.1945100005;712609.70476;77898.48975000005;138.78286999999997;0.06712;138.71574999999999;260.0;8.504167905107893;0.8421807166917841;2.9649033174911423;-1119323.8429300007;-724042.7032200006;-1119326.1748300008;-723903.9203500006;0.3;1.0;0.9487203178416336;0.051268132680402846;1.1549477963596045e-05;0.0;0.9972416630255085;0.0027583369744914516;negative;negative;negative;negative;Economic Dispatch Optimisation
1.0;3.0;6.0;2.0;173168;0;0;0;49597;0;20019973;0;222765.0;2030000.0;80000.0;1950000.0;39000.0;3000.0;36000.0;633000.0;33000.0;600000.0;0.0;0.0;0.0;0.6608449566193002;0.058197448148433084;0.6608449566193002;0.1649457529840437;0.030214673248516608;0.1649457529840437;14160.144210000019;1368566.2060500016;1368566.2060500016;0.0;0.0;0.0;0.0;8457.25004;763211.5623000001;763211.5623000001;0.0;0.0;0.0;0.0;8.0;1.0979624293536476;0.0;2.9649375609721664;-1284537.9700800006;-782050.9444700006;-1284540.3019800007;-781912.1616000006;0.3;1.0;1.0;0.0;0.0;0.0;1.0;0.0;negative;negative;negative;negative;Environmental Dispatch Optimisation
1.0;3.0;12.0;4.0;1634854;115013;0;28;2743629;2159;16250509;3561845;4380670.0;3230000.0;80000.0;3150000.0;75000.0;3000.0;72000.0;1233000.0;33000.0;1200000.0;0.0;0.0;0.0;0.07771233734090034;0.05394328741225203;0.07771236004821158;0.0390379163556658;0.03091635095485745;0.03902536672146894;397060.4973400001;1153525.178990001;1025485.3128700018;128039.86612000015;-0.13205999999999998;-0.0025199999999999997;-0.12954;166727.53169999967;751787.7040900025;619772.4680500029;132015.23604000016;72.98550999999999;0.93968;72.04583;228.0;21.58063354460372;8.480851627297648;29.96076870441237;-756464.681650001;-585060.1723900028;-756464.813710001;-584987.1868800027;0.3;1.0;0.9342583412147586;0.0657256578251838;1.6000960057603457e-05;0.0;0.9992137047725461;0.0007862952274538311;negative;negative;negative;negative;Economic Dispatch Optimisation
1.0;3.0;12.0;4.0;1716529;33368;0;0;123401;0;18458560;0;1839930.0;3230000.0;80000.0;3150000.0;75000.0;3000.0;72000.0;1233000.0;33000.0;1200000.0;0.0;0.0;0.0;0.13260667761745834;0.05930392210068256;0.13260667761745834;0.03889969184304326;0.029687058465359965;0.03889969184304326;111946.46237999981;1274214.8123000022;1274214.8123000022;0.0;0.0;0.0;0.0;68767.54951;704991.5204000011;704991.5204000011;0.0;0.0;0.0;0.0;10.0;9.06863292097348;9.06863292097348;29.961282356627734;-1041578.7166100013;-683020.1545800024;-1041578.8486700013;-682947.1690700025;0.3;1.0;0.9809314491081476;0.01906855089185249;0.0;0.0;1.0;0.0;negative;negative;negative;negative;Environmental Dispatch Optimisation
1.0;4.5;9.0;2.0;166233;6933;0;2;2248836;10711;18106876;3029013;2425782.0;3005000.0;80000.0;2925000.0;57000.0;3000.0;54000.0;933000.0;33000.0;900000.0;0.0;0.0;0.0;0.12242307498161704;0.057072772014599836;0.12242477903131274;0.057198359987541296;0.0320439154729458;0.05708846389961258;251735.6587299995;1266860.808140001;1161179.3786100002;105681.42953;-5.4878100000000005;-0.00017999999999999998;-5.48763;93088.80415000007;801661.9392100017;689357.7356899995;112304.20351999984;353.91506;0.06712;353.84794;251.0;11.903373628248087;0.8446398817393751;2.9649033174911423;-1015125.1494100015;-708573.1350600016;-1015130.6372200015;-708219.2200000016;0.3;1.5;0.9599521851612307;0.04003626536080569;1.1549477963596045e-05;0.0;0.9952596693053962;0.00474033069460383;negative;negative;negative;negative;Economic Dispatch Optimisation
1.0;4.5;9.0;2.0;173168;0;0;0;74487;0;19998265;0;247655.0;3005000.0;80000.0;2925000.0;57000.0;3000.0;54000.0;933000.0;33000.0;900000.0;0.0;0.0;0.0;0.8777045543126297;0.061591500157924466;0.8777045543126297;0.21868496633676102;0.03103720269730867;0.21868496633676102;16068.315100000025;1366901.5303500013;1366901.5303500013;0.0;0.0;0.0;0.0;9469.918029999966;762328.3461400005;762328.3461400005;0.0;0.0;0.0;0.0;8.0;1.220640071113405;0.0;2.9649375609721664;-1250792.493040001;-792192.0211800018;-1250797.980850001;-791838.1061200018;0.3;1.5;1.0;0.0;0.0;0.0;1.0;0.0;negative;negative;negative;negative;Environmental Dispatch Optimisation
1.0;4.5;18.0;4.0;1646962;102906;0;28;3822693;3239;15296682;5005903;5472922.0;4805000.0;80000.0;4725000.0;111000.0;3000.0;108000.0;1833000.0;33000.0;1800000.0;0.0;0.0;0.0;0.09066348729755871;0.05757257175706538;0.09066351439156212;0.04495332288081453;0.03298932578236569;0.04493831766543986;507944.1531100001;1106092.0967200005;928638.7365700009;177453.36014999993;-0.19685999999999998;-0.0025199999999999997;-0.19433999999999998;208766.60144999984;768390.249600002;583025.3709100025;185364.8786899999;109.02510999999998;0.93968;108.08542999999999;212.0;26.958793758114275;8.497050490511155;29.960785826152886;-598147.9436100004;-559623.6481500021;-598148.1404700004;-559514.6230400021;0.3;1.5;0.941177075666211;0.058806923382875326;1.6000950913654296e-05;0.0;0.9991534088948785;0.0008465911051215756;negative;negative;negative;negative;Economic Dispatch Optimisation
1.0;4.5;18.0;4.0;1716529;33368;0;0;173179;0;18415134;0;1889708.0;4805000.0;80000.0;4725000.0;111000.0;3000.0;108000.0;1833000.0;33000.0;1800000.0;0.0;0.0;0.0;0.19184378633068278;0.06499993668294625;0.19184378633068278;0.05630567228484543;0.031327603041216324;0.05630567228484543;115763.96632999975;1270884.7320500014;1270884.7320500014;0.0;0.0;0.0;0.0;70790.07200000007;703227.1506100015;703227.1506100015;0.0;0.0;0.0;0.0;9.0;9.31397834690828;9.31397834690828;29.961282356627734;-990328.1303900008;-697600.1776000019;-990328.3272500008;-697491.1524900019;0.3;1.5;0.9809314491081476;0.01906855089185249;0.0;0.0;1.0;0.0;negative;negative;negative;negative;Environmental Dispatch Optimisation
1.0;6.0;12.0;2.0;166756;6410;0;2;2893008;12699;17544008;3892793;3072465.0;3980000.0;80000.0;3900000.0;75000.0;3000.0;72000.0;1233000.0;33000.0;1200000.0;0.0;0.0;0.0;0.12641881178583114;0.05919306258890635;0.12642042035557324;0.05861711981808063;0.03312836792661711;0.05851469735814111;317166.7622799997;1238005.410380001;1104058.3409500013;133947.06942999983;-6.561330000000001;-0.00017999999999999998;-6.5611500000000005;117888.25511000026;811784.68919;667705.8520900003;144078.8371;417.77955999999995;0.06712;417.71243999999996;242.0;15.080941416689491;0.8453464934410568;2.9649033174911423;-920838.6481000013;-693896.4340799997;-920845.2094300012;-693478.6545199996;0.3;2.0;0.9629723736487111;0.037016076873325324;1.1549477963596045e-05;0.0;0.9956296350595569;0.004370364940443066;negative;negative;negative;negative;Economic Dispatch Optimisation
1.0;6.0;12.0;2.0;173168;0;0;0;99375;0;19976532;0;272543.0;3980000.0;80000.0;3900000.0;75000.0;3000.0;72000.0;1233000.0;33000.0;1200000.0;0.0;0.0;0.0;1.054962761968901;0.06498447383720315;1.054962761968901;0.26261070734809033;0.03185947910162822;0.26261070734809033;17977.994620000034;1365234.212670002;1365234.212670002;0.0;0.0;0.0;0.0;10482.482059999957;761444.1348800004;761444.1348800004;0.0;0.0;0.0;0.0;8.0;1.3433078552884483;0.0;2.9649375609721664;-1220027.415760001;-801302.20713;-1220033.9770900009;-800884.4275699999;0.3;2.0;1.0;0.0;0.0;0.0;1.0;0.0;negative;negative;negative;negative;Environmental Dispatch Optimisation
1.0;6.0;24.0;4.0;1655063;94806;0;28;4798271;4233;14437121;6301931;6457595.0;6380000.0;80000.0;6300000.0;147000.0;3000.0;144000.0;2433000.0;33000.0;2400000.0;0.0;0.0;0.0;0.1003994817496254;0.06141895379886257;0.10039951166893198;0.04905600307806661;0.03498557323735774;0.049039416830471264;606180.0576700008;1064924.761309998;842859.9344999997;222064.82680999997;-0.2565;-0.0025199999999999997;-0.25398;246635.66837000006;783000.4775899991;549936.2334200018;233064.24417000034;142.19489;0.93968;141.25520999999998;200.0;31.807143294819625;8.50797364836378;29.960802947893395;-458744.7036399973;-536364.809219999;-458744.9601399973;-536222.6143299991;0.3;2.0;0.9458059531503854;0.05417804590784486;1.600094176971559e-05;0.0;0.9991185848049268;0.0008814151950732368;negative;negative;negative;negative;Economic Dispatch Optimisation
1.0;6.0;24.0;4.0;1716529;33368;0;0;222951;0;18371688;0;1939480.0;6380000.0;80000.0;6300000.0;147000.0;3000.0;144000.0;2433000.0;33000.0;2400000.0;0.0;0.0;0.0;0.24804095490032047;0.07069248447378;0.24804095490032047;0.0728184094248617;0.032967136829713646;0.0728184094248617;119578.39925999971;1267554.7971600005;1267554.7971600005;0.0;0.0;0.0;0.0;72812.10509999999;701462.0560000018;701462.0560000018;0.0;0.0;0.0;0.0;9.0;9.55929420008894;9.55929420008894;29.961282356627734;-945346.3620499984;-710188.372489999;-945346.6185499984;-710046.1775999991;0.3;2.0;0.9809314491081476;0.01906855089185249;0.0;0.0;1.0;0.0;negative;negative;negative;negative;Environmental Dispatch Optimisation
1.0;10.5;21.0;2.0;168167;4999;0;2;4597773;12699;16054352;6159336;4778641.0;6905000.0;80000.0;6825000.0;129000.0;3000.0;126000.0;2133000.0;33000.0;2100000.0;0.0;0.0;0.0;0.1370043685778684;0.06607209597270725;0.13700540282049778;0.06176075250336225;0.036234019126600965;0.06169489917322549;484817.0449700007;1165739.5539400002;957695.6085300011;208043.94541000013;-6.561330000000001;-0.00017999999999999998;-6.5611500000000005;183579.94749999972;837789.9013900021;610350.7381600016;227439.1632300001;417.77955999999995;0.06712;417.71243999999996;219.0;23.490328644776888;0.8472376616688413;2.9649033174911423;-680922.5089699996;-654209.9538900023;-680929.0702999996;-653792.1743300024;0.3;3.5;0.971120530352028;0.028867920170008315;1.1549477963596045e-05;0.0;0.9972456182360504;0.002754381763949548;negative;negative;negative;negative;Economic Dispatch Optimisation
1.0;10.5;21.0;2.0;173168;0;0;0;174041;0;19911372;0;347209.0;6905000.0;80000.0;6825000.0;129000.0;3000.0;126000.0;2133000.0;33000.0;2100000.0;0.0;0.0;0.0;1.4342574643695236;0.0751570527847101;1.4342574643695236;0.35660240384520775;0.0343247736808598;0.35660240384520775;23704.936400000082;1360236.3193200019;1360236.3193200019;0.0;0.0;0.0;0.0;13519.873389999995;758793.4251300005;758793.4251300005;0.0;0.0;0.0;0.0;8.0;1.7113210653982927;0.0;2.9649375609721664;-1142034.6175400002;-824270.0280000021;-1142041.1788700002;-823852.2484400021;0.3;3.5;1.0;0.0;0.0;0.0;1.0;0.0;negative;negative;negative;negative;Environmental Dispatch Optimisation
5.0;1.5;3.0;2.0;835444;38462;0;14;790095;3658;18731279;1029436;1629211.0;1375000.0;400000.0;975000.0;33000.0;15000.0;18000.0;465000.0;165000.0;300000.0;0.0;0.0;0.0;0.0812099907726956;0.05303005696526442;0.08121085607133417;0.034238225756647256;0.02916989588553984;0.03418207941120876;136647.05979000035;1294374.3553800005;1257685.3486599997;36689.006719999976;-1.87158;-0.0012599999999999998;-1.87032;61581.25969999992;752674.7481100002;714454.4626899996;38220.28542000006;121.44058999999999;0.46984;120.97074999999998;264.0;8.01194419881534;4.25798615579946;2.9925583527660335;-1157727.2955900002;-691093.4884100002;-1157729.1671700003;-690972.0478200002;1.7;0.5;0.9559730867813988;0.04401089344562431;1.6019772976931527e-05;0.0;0.9953915134808939;0.00460848651910607;negative;negative;negative;negative;Economic Dispatch Optimisation
5.0;1.5;3.0;2.0;873677;252;0;0;24891;0;19362018;0;898568.0;1375000.0;400000.0;975000.0;33000.0;15000.0;18000.0;465000.0;165000.0;300000.0;0.0;0.0;0.0;0.11648810337506907;0.0545953279936076;0.11648810337506907;0.0300390635385325;0.028799783292819976;0.0300390635385325;54204.58933999999;1329532.6905500002;1329532.6905500002;0.0;0.0;0.0;0.0;33504.683050000014;738816.7323499987;738816.7323499987;0.0;0.0;0.0;0.0;8.0;4.428855090429145;4.428855090429145;2.992637112772388;-1240169.7660400006;-719170.0650600002;-1240171.6376200006;-719048.6244700002;1.7;0.5;0.9997116470559966;0.0002883529440034602;0.0;0.0;1.0;0.0;negative;negative;negative;negative;Environmental Dispatch Optimisation
5.0;1.5;6.0;4.0;830333;43580;0;14;1413822;1079;18191769;1852751;2245248.0;1975000.0;400000.0;1575000.0;51000.0;15000.0;36000.0;765000.0;165000.0;600000.0;0.0;0.0;0.0;0.09055904418232573;0.05415088684427236;0.09055906632420996;0.04280201200977;0.030265023642066867;0.04278977490493197;203549.87649000002;1265996.0224600015;1199260.4419700003;66735.58049000005;-0.06599999999999999;-0.0012599999999999998;-0.06473999999999999;85514.43560999994;762206.7675999997;693577.2239999996;68629.54360000006;36.47606999999999;0.46984;36.006229999999995;235.0;11.0609740113848;4.252682083659131;2.99258232320275;-1062446.1459700016;-676692.3319899997;-1062446.2119700015;-676655.8559199998;1.7;0.5;0.9501171150450781;0.049866865310260466;1.6019644661396202e-05;0.0;0.9992374024755089;0.0007625975244911128;negative;negative;negative;negative;Economic Dispatch Optimisation
5.0;1.5;6.0;4.0;873677;252;0;0;49780;0;19340312;0;923457.0;1975000.0;400000.0;1575000.0;51000.0;15000.0;36000.0;765000.0;165000.0;600000.0;0.0;0.0;0.0;0.16574612663851693;0.05691271297530644;0.16574612663851693;0.048087161524935244;0.029621815661037453;0.048087161524935244;56114.266309999955;1327867.6125700003;1327867.6125700003;0.0;0.0;0.0;0.0;34517.27009999996;737933.6957099991;737933.6957099991;0.0;0.0;0.0;0.0;8.0;4.551527803396546;4.551527803396546;2.992637112772388;-1209881.7561500017;-727689.4974999997;-1209881.8221500015;-727653.0214299997;1.7;0.5;0.9997116470559966;0.0002883529440034602;0.0;0.0;1.0;0.0;negative;negative;negative;negative;Environmental Dispatch Optimisation
5.0;3.0;6.0;2.0;833998;39912;0;14;1557584;4318;18062650;2061024;2395914.0;2350000.0;400000.0;1950000.0;51000.0;15000.0;36000.0;765000.0;165000.0;600000.0;0.0;0.0;0.0;0.09596790363954254;0.05487177352601296;0.09596863709669655;0.042608891557150363;0.03034075552959674;0.04256513350233614;219918.1827;1258140.2890899992;1184985.1642699991;73155.12481999995;-2.33298;-0.0012599999999999998;-2.3317200000000002;91223.86614999999;765158.2337999983;688581.5735899993;76576.6602100001;139.18559;0.46984;138.71574999999999;260.0;11.787611082164863;4.25644498686968;2.9925720501584427;-1038222.1063899992;-673934.3676499983;-1038224.4393699991;-673795.1820599983;1.7;1.0;0.9543141051166921;0.04566987518365442;1.601969965351678e-05;0.0;0.9972354219406852;0.002764578059314861;negative;negative;negative;negative;Economic Dispatch Optimisation
5.0;3.0;6.0;2.0;873677;252;0;0;49779;0;19340313;0;923456.0;2350000.0;400000.0;1950000.0;51000.0;15000.0;36000.0;765000.0;165000.0;600000.0;0.0;0.0;0.0;0.18931846965153182;0.05798690808140852;0.18931846965153182;0.04808721359797556;0.029621816108587096;0.04808721359797556;56115.20452999995;1327866.7969600004;1327866.7969600004;0.0;0.0;0.0;0.0;34517.26207999996;737933.707749999;737933.707749999;0.0;0.0;0.0;0.0;8.0;4.5515228746041885;4.5515228746041885;2.992637112772388;-1202025.0845599992;-730640.9717199984;-1202027.4175399991;-730501.7861299984;1.7;1.0;0.9997116470559966;0.0002883529440034602;0.0;0.0;1.0;0.0;negative;negative;negative;negative;Environmental Dispatch Optimisation
5.0;3.0;12.0;4.0;4926832;2145840;0;1684376;3420994;18730;12466453;2495136;10050932.0;3550000.0;400000.0;3150000.0;87000.0;15000.0;72000.0;1365000.0;165000.0;1200000.0;0.0;0.0;0.0;0.03415570372171702;0.04552615438403522;0.02677331114367962;0.014894126277213355;0.024521679041270818;0.010239875736009776;629785.7408800004;897961.94424;802779.4794699999;95182.46476999993;98507.32198;97481.36236999997;1025.95961;313830.99765999935;572922.56865;479373.9013300022;93548.66732000007;62104.22323000001;61462.31073000001;641.9125;286.0;41.14470098436264;32.07949379516342;24.219290942017157;-268176.2033599996;-259091.57099000068;-169668.88137999957;-196987.34776000067;1.7;1.0;0.5626133372798687;0.24504147973152596;0.19234518298860528;0.0;0.994554795675467;0.0054452043245330145;negative;negative;negative;negative;Economic Dispatch Optimisation
5.0;3.0;12.0;4.0;4984532;2083657;0;1688866;1586223;12860;14012225;0;8272481.0;3550000.0;400000.0;3150000.0;87000.0;15000.0;72000.0;1365000.0;165000.0;1200000.0;0.0;0.0;0.0;0.03283188614128176;0.05009724090970685;0.02412182253143138;0.009578141704962783;0.0235813222656187;0.00390236709062336;394119.1845499989;1008372.6083200009;1008372.6083200009;0.0;95658.18723999998;94896.20866999992;761.9785699999999;245074.66964999947;539187.2553200016;539187.2553200016;0.0;62334.138430000035;61888.70627000003;445.43216000000007;133.0;32.38588702214274;32.38588702214274;24.20393958947415;-503842.7596900011;-327847.89900000056;-405335.4377100011;-265743.67577000055;1.7;1.0;0.5692018606711959;0.23794038064166548;0.19285775868713853;0.0;0.9919578908662027;0.008042109133797307;negative;negative;negative;negative;Environmental Dispatch Optimisation
5.0;4.5;9.0;2.0;839008;34906;0;14;2240105;10711;17461901;2988917;3089838.0;3325000.0;400000.0;2925000.0;69000.0;15000.0;54000.0;1065000.0;165000.0;900000.0;0.0;0.0;0.0;0.10474676207100839;0.05688430329565081;0.10474810015623522;0.04702676156535296;0.03145463279773676;0.04694038574309725;291961.7328999993;1226501.767;1122062.0564299996;104439.71056999997;-5.4888900000000005;-0.0012599999999999998;-5.48763;117760.16037999997;776226.0215100007;665392.7414699995;110833.28003999994;354.31777999999997;0.46984;353.84794;250.0;15.176308620000443;4.262749967075109;2.9925857475508524;-934540.0341000007;-658465.8611300007;-934545.5229900007;-658111.5433500007;1.7;1.5;0.960042474894957;0.039941505478712204;1.6019626330773243e-05;0.0;0.9952412813841736;0.004758718615826438;negative;negative;negative;negative;Economic Dispatch Optimisation
5.0;4.5;9.0;2.0;873677;252;0;0;74668;0;19318603;0;948345.0;3325000.0;400000.0;2925000.0;69000.0;15000.0;54000.0;1065000.0;165000.0;900000.0;0.0;0.0;0.0;0.25832589547846074;0.06137746675773451;0.25832589547846074;0.06518799655713076;0.030443593755583715;0.06518799655713076;58024.59247000003;1326201.75886;1326201.75886;0.0;0.0;0.0;0.0;35529.71629999991;737050.6032199987;737050.6032199987;0.0;0.0;0.0;0.0;8.0;4.674195587571589;4.674195587571589;2.992637112772388;-1168477.17453;-740696.3052100008;-1168482.6634199999;-740341.9874300008;1.7;1.5;0.9997116470559966;0.0002883529440034602;0.0;0.0;1.0;0.0;negative;negative;negative;negative;Environmental Dispatch Optimisation
5.0;4.5;18.0;4.0;4925567;2695624;0;1135907;4626292;30111;11415428;3566900;10717877.0;5125000.0;400000.0;4725000.0;123000.0;15000.0;108000.0;1965000.0;165000.0;1800000.0;0.0;0.0;0.0;0.04585551544068398;0.04877388865256115;0.04121658840346099;0.020019431578568857;0.025995261523647166;0.01705187181565833;740540.2865700017;840590.2354599986;706064.0326499991;134526.20281000013;66007.20630999992;64330.05095999996;1677.1553500000002;359380.04612999904;573037.6454100013;439611.54730000143;133426.09811000002;42225.35253000001;41209.33505000001;1016.0174799999999;258.0;47.07912963204949;34.0919426355034;26.097610938791266;-100049.94888999686;-213657.59928000224;-34042.742579996935;-171432.2467500022;1.7;1.5;0.5624656707050669;0.3078216093961721;0.129712719898761;0.0;0.9935334205394164;0.00646657946058363;negative;negative;negative;negative;Economic Dispatch Optimisation
5.0;4.5;18.0;4.0;4984532;2617840;0;1154722;2020484;12861;13633131;0;8172599.0;5125000.0;400000.0;4725000.0;123000.0;15000.0;108000.0;1965000.0;165000.0;1800000.0;0.0;0.0;0.0;0.0477379212816643;0.05494616831970664;0.04193667092452083;0.013956828741859512;0.024706863931773126;0.010034835956754187;418005.20532999845;987522.5671800016;987522.5671800016;0.0;62942.91323999998;62177.39122999996;765.5220099999999;260736.84729999953;525514.950840001;525514.950840001;0.0;42553.180159999996;42107.711180000006;445.46898;112.0;34.52626931978171;34.52626931978171;26.033168131852413;-422585.03013000014;-312300.7981100017;-356577.8238200002;-270075.44558000175;1.7;1.5;0.5691993257123882;0.2989393513418949;0.13186132294571692;0.0;0.9936749543240325;0.006325045675967433;negative;negative;negative;negative;Environmental Dispatch Optimisation
5.0;6.0;12.0;2.0;841652;32262;0;14;2871596;12699;16908060;3837193;3725961.0;4300000.0;400000.0;3900000.0;87000.0;15000.0;72000.0;1365000.0;165000.0;1200000.0;0.0;0.0;0.0;0.11133066750086712;0.05901698725163245;0.11133199416202508;0.049985572055098515;0.03253571332641178;0.04990103204802461;356661.1649499992;1197899.9694799976;1065569.6421900003;132330.32728999987;-6.562410000000001;-0.0012599999999999998;-6.5611500000000005;142150.87055000014;786154.4158999999;644089.5938899994;142064.82201;418.18227999999993;0.46984;417.71243999999996;240.0;18.301828361154463;4.266334286743174;2.9925857475508524;-841238.8045299985;-644003.5453499998;-841245.3669399985;-643585.3630699997;1.7;2.0;0.9630678957534259;0.03691608462024332;1.6019626330773243e-05;0.0;0.9955971909946798;0.004402809005320191;negative;negative;negative;negative;Economic Dispatch Optimisation
5.0;6.0;12.0;2.0;873677;252;0;0;99555;0;19296861;0;973232.0;4300000.0;400000.0;3900000.0;87000.0;15000.0;72000.0;1365000.0;165000.0;1200000.0;0.0;0.0;0.0;0.32380446387348216;0.0647669028597954;0.32380446387348216;0.08141429306641398;0.03126511602732238;0.08141429306641398;59934.853109999945;1324532.2074400007;1324532.2074400007;0.0;0.0;0.0;0.0;36541.99570999995;736166.1516599989;736166.1516599989;0.0;0.0;0.0;0.0;8.0;4.796858442954276;4.796858442954276;2.992637112772388;-1137965.1163699976;-749612.42019;-1137971.6787799976;-749194.2379099999;1.7;2.0;0.9997116470559966;0.0002883529440034602;0.0;0.0;1.0;0.0;negative;negative;negative;negative;Environmental Dispatch Optimisation
5.0;6.0;24.0;4.0;4924160;2958754;0;874212;5536740;45436;10621976;4521020;11380548.0;6700000.0;400000.0;6300000.0;159000.0;15000.0;144000.0;2565000.0;165000.0;2400000.0;0.0;0.0;0.0;0.055913536347422244;0.05266533148853532;0.05243811763458875;0.024252149021099675;0.027668411904783148;0.022058230855303174;826893.9025700007;800128.477009999;630671.7333300005;169456.7436799999;52509.19393999997;49992.49175999999;2516.70218;394017.90219999943;578129.9311299995;409378.7382500008;168751.19287999993;33147.336759999984;31609.922229999996;1537.4145300000002;232.0;51.55960396483098;35.064972959047864;26.99384159719272;26765.42556000175;-184112.02893000003;79274.61950000178;-150964.69217000005;1.7;2.0;0.562303203128515;0.3378681544607215;0.09982864241076353;0.0;0.991860521775021;0.008139478224978933;positive;negative;positive;negative;Economic Dispatch Optimisation
5.0;10.5;21.0;2.0;849191;24723;0;14;4537525;12699;15446354;6055914;5399429.0;7225000.0;400000.0;6825000.0;141000.0;15000.0;126000.0;2265000.0;165000.0;2100000.0;0.0;0.0;0.0;0.12591156754657706;0.06593390014580157;0.12591248302999852;0.05556175760104095;0.0356312305437207;0.05550341943800609;521549.0775000001;1126376.3211200007;921595.9631500009;204780.35797000013;-6.562410000000001;-0.0012599999999999998;-6.5611500000000005;206564.99538999982;811558.2905500008;587827.0741800013;223731.21636999998;418.18227999999993;0.46984;417.71243999999996;216.0;26.550004648836957;4.276417042602114;2.9925857475508524;-604827.2436200005;-604993.295160001;-604833.8060300006;-604575.1128800011;1.7;3.5;0.9716944645325473;0.028289515841121923;1.6019626330773243e-05;0.0;0.9972091483847828;0.002790851615217185;negative;negative;negative;negative;Economic Dispatch Optimisation
5.0;10.5;21.0;2.0;873677;252;0;0;174218;0;19231704;0;1047895.0;7225000.0;400000.0;6825000.0;141000.0;15000.0;126000.0;2265000.0;165000.0;2100000.0;0.0;0.0;0.0;0.5015781637430319;0.07492910797252467;0.5015781637430319;0.12546853386411078;0.03372817183651131;0.12546853386411078;65660.12954999998;1319536.1220400003;1319536.1220400003;0.0;0.0;0.0;0.0;39578.27188999988;733516.4564399989;733516.4564399989;0.0;0.0;0.0;0.0;8.0;5.1648568666870505;5.1648568666870505;2.992637112772388;-734468.347459999;-538551.6592399996;-681959.153519999;-505404.3224799996;1.7;3.5;0.9997116470559966;0.0002883529440034602;0.0;0.0;1.0;0.0;negative;negative;negative;negative;Environmental Dispatch Optimisation
8.0;1.5;3.0;2.0;1330955;68517;0;22;796790;3658;18244812;1008688;2131425.0;1615000.0;640000.0;975000.0;42000.0;24000.0;18000.0;564000.0;264000.0;300000.0;0.0;0.0;0.0;0.07155607310726078;0.0528845133617164;0.07155673477557895;0.02859825727996254;0.028732900679666214;0.02855524545725665;167261.79711000007;1264046.245200001;1228024.2473800017;36021.99781999997;-1.8723;-0.00198;-1.87032;80247.44329000008;733830.8271100003;696371.2094100006;37459.61770000004;121.70906999999998;0.73832;120.97074999999998;266.0;10.487213293134367;6.809796196284481;2.995174554716258;-1096784.4480900008;-653583.3838200002;-1096786.320390001;-653461.6747500002;2.7;0.5;0.9510258707790101;0.04895840925363024;1.571996735963141e-05;0.0;0.9954300591668666;0.004569940833133446;negative;negative;negative;negative;Economic Dispatch Optimisation
8.0;1.5;3.0;2.0;1386665;12844;0;0;33962;0;18856549;0;1420627.0;1615000.0;640000.0;975000.0;42000.0;24000.0;18000.0;564000.0;264000.0;300000.0;0.0;0.0;0.0;0.08825898320632297;0.05444533070817297;0.08825898320632297;0.023045356161978683;0.028361267032522036;0.023045356161978683;85527.50202000033;1299201.9672600012;1299201.9672600012;0.0;0.0;0.0;0.0;52919.64170999996;720016.9536800007;720016.9536800007;0.0;0.0;0.0;0.0;11.0;7.001975499406929;7.001975499406929;2.9952537427661254;-1040848.8191000003;-758638.6488400009;-1040855.3815100003;-758220.4665600009;2.7;0.5;0.9908224956038153;0.009177504396184663;0.0;0.0;1.0;0.0;negative;negative;negative;negative;Environmental Dispatch Optimisation
8.0;1.5;6.0;4.0;1319005;80479;0;22;1419186;1079;17713091;1823306;2739292.0;2215000.0;640000.0;1575000.0;60000.0;24000.0;36000.0;864000.0;264000.0;600000.0;0.0;0.0;0.0;0.08156928122683184;0.054006393521833805;0.08156929957330823;0.03688672024301546;0.02982825084024643;0.036876616330845435;234008.40103000012;1235680.9155100028;1169736.6413900016;65944.27412000003;-0.06671999999999999;-0.00198;-0.06473999999999999;103887.72911000025;743334.7273799998;675773.0309500004;67561.69643000011;36.74455;0.73832;36.006229999999995;236.0;13.4959748721491;6.7967971236058915;2.9952002373270257;-1001672.5144800027;-639446.9982699996;-1001672.5812000027;-639410.2537199996;2.7;0.5;0.9424789890146952;0.057505291152735324;1.571983256949238e-05;0.0;0.9992402826233132;0.0007597173766867451;negative;negative;negative;negative;Economic Dispatch Optimisation
8.0;1.5;6.0;4.0;5654549;1516081;1834075;5007768;1076238;64554;13807679;0;11803109.0;2215000.0;640000.0;1575000.0;60000.0;24000.0;36000.0;864000.0;264000.0;600000.0;0.0;0.0;0.0;0.014722395034151157;0.04475396975184192;-0.004178723989010254;0.004249146547995392;0.021904107658382237;-0.007723473127172446;410794.5324399999;989598.4473000014;989598.4473000014;0.0;296175.3949399998;292741.4960299998;3433.8989100000003;252018.2701499998;530670.4009799997;530670.4009799997;0.0;187607.69435999994;185234.7932099999;2372.90115;190.0;33.174651520579765;33.174651520579765;15.346708270894338;-853251.712760001;-481812.55696000054;-853253.585060001;-481690.8478900005;2.7;0.5;0.40353683464724605;0.10819510588887486;0.35737931484328284;0.13088874462059624;0.943412997286096;0.056587002713904024;negative;negative;negative;negative;Environmental Dispatch Optimisation
8.0;3.0;6.0;2.0;1328220;71258;0;22;1561689;4318;17579702;2035394;2894249.0;2590000.0;640000.0;1950000.0;60000.0;24000.0;36000.0;864000.0;264000.0;600000.0;0.0;0.0;0.0;0.08637673466687838;0.0547326105477018;0.08637734202395045;0.03701040462528212;0.02990388337167104;0.03697411100757513;250119.62958999988;1227980.6476500004;1155682.7211400014;72297.92650999993;-2.3337000000000003;-0.00198;-2.3317200000000002;109724.93721000018;746273.0860400018;670647.8152400007;75625.27080000006;139.45406999999997;0.73832;138.71574999999999;261.0;14.243761390932017;6.806881567026794;2.9951873960216417;-977861.0180600005;-636548.1488300017;-977863.3517600005;-636408.6947600016;2.7;1.0;0.9490675241157557;0.0509167559842801;1.5719899964272955e-05;0.0;0.9972426687747884;0.002757331225211637;negative;negative;negative;negative;Economic Dispatch Optimisation
8.0;3.0;6.0;2.0;1386665;12844;0;0;58847;0;18834847;0;1445512.0;2590000.0;640000.0;1950000.0;60000.0;24000.0;36000.0;864000.0;264000.0;600000.0;0.0;0.0;0.0;0.1352724080965394;0.05783422017095121;0.1352724080965394;0.03469576168372406;0.029182722149387354;0.03469576168372406;87436.32838000034;1297537.6960300012;1297537.6960300012;0.0;0.0;0.0;0.0;53931.42232999997;719134.6271100013;719134.6271100013;0.0;0.0;0.0;0.0;9.0;7.124628497204902;7.124628497204902;2.9952537427661254;-1148244.5871300024;-689403.3050499998;-1148244.6538500024;-689366.5604999999;2.7;1.0;0.9908224956038153;0.009177504396184663;0.0;0.0;1.0;0.0;negative;negative;negative;negative;Environmental Dispatch Optimisation
8.0;3.0;12.0;4.0;5629548;2895856;1090810;4396308;3593796;202632;11634095;2240919;13822284.0;3790000.0;640000.0;3150000.0;96000.0;24000.0;72000.0;1464000.0;264000.0;1200000.0;0.0;0.0;0.0;0.025898193781345048;0.0441106754019956;0.011228474793543552;0.01073556444965417;0.02313000747105371;0.0015112538772958436;684350.1997400008;838014.75924;750844.4239900006;87170.33524999995;269194.7886399998;257656.73840999982;11538.05022999999;346855.7473099991;532146.3655599998;447965.9180600008;84180.44750000002;169269.52294999993;161976.76053999993;7292.762410000001;316.0;45.45994741096847;37.73261564153639;18.24621938093524;-153664.55949999928;-185290.61825000076;115530.22914000053;-16021.09530000086;2.7;1.0;0.40175123364659127;0.2066620127340389;0.3137413807450222;0.07784537287434767;0.9466256175541852;0.053374382445814855;positive;negative;negative;negative;Economic Dispatch Optimisation
8.0;3.0;12.0;4.0;5654549;2842971;1093290;4421703;1973464;172001;13024405;0;12221717.0;3790000.0;640000.0;3150000.0;96000.0;24000.0;72000.0;1464000.0;264000.0;1200000.0;0.0;0.0;0.0;0.023917405938939394;0.048636408986269954;0.0074696348553900515;0.006953336361187502;0.02241833280578412;-0.0034791769890883976;461374.68962000037;945442.4679999998;945442.4679999998;0.0;266872.8033399996;257526.88545999984;9345.917879999999;285037.31865999976;501844.95278000017;501844.95278000017;0.0;169272.42417999986;163064.56329999986;6207.86088;178.0;37.596892171666134;37.596892171666134;18.186541554380863;-766605.9580300001;-461235.7673800021;-766608.29173;-461096.3133100021;2.7;1.0;0.40353568271444246;0.20288801873011644;0.3155538910115552;0.07802240754388595;0.9198304330296696;0.08016956697033044;negative;negative;negative;negative;Environmental Dispatch Optimisation
8.0;4.5;9.0;2.0;1333992;65491;0;22;2237517;10711;16984053;2954750;3582242.0;3565000.0;640000.0;2925000.0;78000.0;24000.0;54000.0;1164000.0;264000.0;900000.0;0.0;0.0;0.0;0.09593029834643078;0.05675246960722138;0.09593145265396107;0.04190698887954773;0.031016623419135674;0.041832429559295316;321865.30837000016;1196503.53129;1093013.839130001;103489.69215999999;-5.48961;-0.00198;-5.48763;136039.3655600003;757245.9275100013;647648.3887900006;109597.53871999992;354.58626;0.73832;353.84794;249.0;17.603226261299653;6.814106635401412;2.9951980971094616;-874638.2229199999;-621206.561950001;-874643.7125299999;-620851.975690001;2.7;1.5;0.953188448772959;0.046795831383239075;1.571984380191568e-05;0.0;0.9952358034861233;0.004764196513876707;negative;negative;negative;negative;Economic Dispatch Optimisation
8.0;4.5;9.0;2.0;1386665;12844;0;0;83736;0;18813131;0;1470401.0;3565000.0;640000.0;2925000.0;78000.0;24000.0;54000.0;1164000.0;264000.0;900000.0;0.0;0.0;0.0;0.18069403095444084;0.061222107058553285;0.18069403095444084;0.04595169925591957;0.030003917294934228;0.04595169925591957;89342.19509000027;1295874.2554400014;1295874.2554400014;0.0;0.0;0.0;0.0;54943.2362699999;718251.8441200005;718251.8441200005;0.0;0.0;0.0;0.0;9.0;7.247301210172302;7.247301210172302;2.9952537427661254;-748672.5641499998;-477203.12928999995;-479477.77550999995;-307933.60634;2.7;1.5;0.9908224956038153;0.009177504396184663;0.0;0.0;1.0;0.0;negative;negative;negative;negative;Environmental Dispatch Optimisation
8.0;4.5;18.0;4.0;5623032;4005836;561535;3822191;4956390;306368;10450822;3099321;14707981.0;5365000.0;640000.0;4725000.0;132000.0;24000.0;108000.0;2064000.0;264000.0;1800000.0;0.0;0.0;0.0;0.03409964239193097;0.04689184254828039;0.02175597973029737;0.014106563422302284;0.024073590852493023;0.006362888051834452;799450.533560001;770764.09524;650373.43421;120390.66103000012;241025.03029999993;223525.05397999997;17499.97632;397869.2340799998;519841.4369700017;403452.9439000013;116388.49307000007;151204.68227000005;140320.66569999995;10884.016570000005;292.0;52.14377429253889;41.48765988723674;20.60787241496909;28686.43832000089;-121972.20289000194;269711.46862000076;29232.479379998113;2.7;1.5;0.40128415909288456;0.28587397879364806;0.27276826831634454;0.04007359379712279;0.9417856568742093;0.0582143431257907;positive;positive;positive;negative;Economic Dispatch Optimisation
8.0;4.5;18.0;4.0;5650096;3954032;562060;3846417;2720545;274348;12376511;0;12491406.0;5365000.0;640000.0;4725000.0;132000.0;24000.0;108000.0;2064000.0;264000.0;1800000.0;0.0;0.0;0.0;0.032890893162109074;0.05287469291545053;0.018548729903094086;0.009591416575645969;0.023141651702969175;0.0004710582013312842;500943.8391099997;910922.5326000002;910922.5326000002;0.0;237843.3578299998;223005.04864999987;14838.309180000007;311968.6365799996;478349.2284900003;478349.2284900003;0.0;151247.52250999992;141444.49847999995;9803.02403;166.0;41.25715138198212;41.25715138198212;20.554923432435906;-695559.6921800004;-445277.29093000176;-695565.1817900003;-444922.70467000175;2.7;1.5;0.4032152479856529;0.28217679724790645;0.27449692616041055;0.04011102860603007;0.9083947239517405;0.09160527604825949;negative;negative;negative;negative;Environmental Dispatch Optimisation
8.0;6.0;12.0;2.0;1339960;59525;0;22;2855460;12699;16438812;3787541;4208141.0;4540000.0;640000.0;3900000.0;96000.0;24000.0;72000.0;1464000.0;264000.0;1200000.0;0.0;0.0;0.0;0.10322546672737372;0.058896551181281495;0.10322664150504147;0.04530420905795226;0.032093007672354304;0.04522930781298216;385661.9111499997;1168114.6869900005;1037293.858330002;130820.82865999996;-6.56313;-0.00198;-6.5611500000000005;160042.41238000008;766951.5547700017;626671.6903700018;140279.86440000005;418.45075999999995;0.73832;417.71243999999996;239.0;20.678354029398157;6.822148749195639;2.9952023775445897;-782452.7758400008;-606909.1423900016;-782459.3389700009;-606490.6916300016;2.7;2.0;0.9574514454018451;0.04253283477681784;1.5719821337085132e-05;0.0;0.9955724211942225;0.004427578805777504;negative;negative;negative;negative;Economic Dispatch Optimisation
8.0;6.0;12.0;2.0;1386665;12844;0;0;108623;0;18791393;0;1495288.0;4540000.0;640000.0;3900000.0;96000.0;24000.0;72000.0;1464000.0;264000.0;1200000.0;0.0;0.0;0.0;0.22460387460237538;0.06460896031753964;0.22460387460237538;0.056833004218748116;0.0308248578920566;0.056833004218748116;91248.45110000034;1294209.4607000016;1294209.4607000016;0.0;0.0;0.0;0.0;55954.89137999995;717368.1418500004;717368.1418500004;0.0;0.0;0.0;0.0;9.0;7.3699640655549885;7.3699640655549885;2.9952537427661254;-679515.6441399998;-463886.5455900018;-438490.6138399998;-312681.86332000175;2.7;2.0;0.9908224956038153;0.009177504396184663;0.0;0.0;1.0;0.0;negative;negative;negative;negative;Environmental Dispatch Optimisation
8.0;10.5;21.0;2.0;1348508;50978;0;22;4494275;12699;14999798;5969626;5855504.0;7465000.0;640000.0;6825000.0;150000.0;24000.0;126000.0;2364000.0;264000.0;2100000.0;0.0;0.0;0.0;0.11929339046366766;0.06584357691281284;0.11929423473430081;0.051819005700282146;0.035181828409259305;0.051765176858237165;548461.8661700003;1097212.1552100007;895137.7730799994;202074.38213000004;-6.56313;-0.00198;-6.5611500000000005;223439.97267999986;791941.0354400002;571292.6022500015;220648.43319000007;418.45075999999995;0.73832;417.71243999999996;214.0;28.79786419260743;6.83407707710572;2.995204517762154;-548750.2890400004;-568501.0627600003;-548756.8521700004;-568082.6120000004;2.7;3.5;0.9635586220300277;0.03642565815986761;1.5719810104693935e-05;0.0;0.9971823667054658;0.0028176332945342043;negative;negative;negative;negative;Economic Dispatch Optimisation
8.0;10.5;21.0;2.0;1386665;12844;0;0;183287;0;18726238;0;1569952.0;7465000.0;640000.0;6825000.0;150000.0;24000.0;126000.0;2364000.0;264000.0;2100000.0;0.0;0.0;0.0;0.34797997795946906;0.07476314137483328;0.34797997795946906;0.08740685271662037;0.03328615457303392;0.08740685271662037;96966.66209000036;1289219.2642600017;1289219.2642600017;0.0;0.0;0.0;0.0;58989.634389999956;714719.8649500003;714719.8649500003;0.0;0.0;0.0;0.0;8.0;7.73796741808012;7.73796741808012;2.9952537427661254;-1071148.0249;-707961.9203800018;-1071154.5880300002;-707543.4696200017;2.7;3.5;0.9908224956038153;0.009177504396184663;0.0;0.0;1.0;0.0;negative;negative;negative;negative;Environmental Dispatch Optimisation
